{"v":"5.7.6","fr":60,"ip":0,"op":154,"w":500,"h":500,"nm":"955-demand-outline","ddd":0,"assets":[],"layers":[{"ddd":0,"ind":1,"ty":4,"nm":"outline","sr":1,"ks":{"o":{"a":0,"k":100,"ix":11},"r":{"a":1,"k":[{"i":{"x":[0.08],"y":[1]},"o":{"x":[0.333],"y":[0]},"t":6,"s":[0]},{"i":{"x":[0.667],"y":[1]},"o":{"x":[0.375],"y":[0]},"t":30,"s":[14]},{"i":{"x":[0.667],"y":[1]},"o":{"x":[0.333],"y":[0]},"t":80,"s":[-7]},{"i":{"x":[0.667],"y":[1]},"o":{"x":[0.333],"y":[0]},"t":118,"s":[4]},{"t":150,"s":[0]}],"ix":10},"p":{"a":1,"k":[{"i":{"x":0.08,"y":1},"o":{"x":0.333,"y":0},"t":0,"s":[249.75,216.06,0],"to":[0,0,0],"ti":[0,0,0]},{"i":{"x":0.667,"y":1},"o":{"x":0.375,"y":0},"t":24,"s":[249.75,252.06,0],"to":[0,0,0],"ti":[0,0,0]},{"i":{"x":0.667,"y":1},"o":{"x":0.333,"y":0},"t":74,"s":[249.75,209.06,0],"to":[0,0,0],"ti":[0,0,0]},{"t":110,"s":[249.75,216.06,0]}],"ix":2,"l":2},"a":{"a":0,"k":[249.75,216.06,0],"ix":1,"l":2},"s":{"a":0,"k":[100,100,100],"ix":6,"l":2}},"ao":0,"shapes":[{"ty":"gr","it":[{"ty":"gr","it":[{"ind":0,"ty":"sh","ix":1,"ks":{"a":1,"k":[{"i":{"x":0.667,"y":1},"o":{"x":0.333,"y":0},"t":0,"s":[{"i":[[0,0],[0,0]],"o":[[0,0],[0,0]],"v":[[0,24.749],[0,-24.749]],"c":false}]},{"i":{"x":0.667,"y":1},"o":{"x":0.333,"y":0},"t":29,"s":[{"i":[[0,0],[0,0]],"o":[[0,0],[0,0]],"v":[[0,24.749],[0,-24.749]],"c":false}]},{"i":{"x":0.08,"y":1},"o":{"x":0.333,"y":0},"t":55,"s":[{"i":[[0,0],[0,0]],"o":[[0,0],[0,0]],"v":[[0,24.749],[0,-24.749]],"c":false}]},{"t":121,"s":[{"i":[[0,0],[0,0]],"o":[[0,0],[0,0]],"v":[[0,24.749],[0,-24.749]],"c":false}]}],"ix":2},"nm":"Path 1","mn":"ADBE Vector Shape - Group","hd":false},{"ty":"st","c":{"a":0,"k":[0,0,0,1],"ix":3},"o":{"a":0,"k":100,"ix":4},"w":{"a":0,"k":12,"ix":5},"lc":2,"lj":2,"bm":0,"nm":"Stroke 1","mn":"ADBE Vector Graphic - Stroke","hd":false},{"ty":"tr","p":{"a":0,"k":[249.75,120.156],"ix":2},"a":{"a":0,"k":[0,0],"ix":1},"s":{"a":0,"k":[100,100],"ix":3},"r":{"a":0,"k":0,"ix":6},"o":{"a":0,"k":100,"ix":7},"sk":{"a":0,"k":0,"ix":4},"sa":{"a":0,"k":0,"ix":5},"nm":"Transform"}],"nm":"Group 1","np":2,"cix":2,"bm":0,"ix":1,"mn":"ADBE Vector Group","hd":false},{"ty":"gr","it":[{"ind":0,"ty":"sh","ix":1,"ks":{"a":1,"k":[{"i":{"x":0.667,"y":1},"o":{"x":0.333,"y":0},"t":0,"s":[{"i":[[0,0],[0,0]],"o":[[0,0],[0,0]],"v":[[24.749,0],[-24.749,0]],"c":false}]},{"i":{"x":0.667,"y":1},"o":{"x":0.333,"y":0},"t":29,"s":[{"i":[[0,0],[0,0]],"o":[[0,0],[0,0]],"v":[[-24.887,0],[24.887,0]],"c":false}]},{"i":{"x":0.08,"y":1},"o":{"x":0.333,"y":0},"t":55,"s":[{"i":[[0,0],[0,0]],"o":[[0,0],[0,0]],"v":[[24.749,0],[-24.749,0]],"c":false}]},{"t":121,"s":[{"i":[[0,0],[0,0]],"o":[[0,0],[0,0]],"v":[[-24.887,0],[24.887,0]],"c":false}]}],"ix":2},"nm":"Path 1","mn":"ADBE Vector Shape - Group","hd":false},{"ty":"st","c":{"a":0,"k":[0,0,0,1],"ix":3},"o":{"a":0,"k":100,"ix":4},"w":{"a":0,"k":12,"ix":5},"lc":2,"lj":2,"bm":0,"nm":"Stroke 1","mn":"ADBE Vector Graphic - Stroke","hd":false},{"ty":"tr","p":{"a":0,"k":[249.75,120.156],"ix":2},"a":{"a":0,"k":[0,0],"ix":1},"s":{"a":0,"k":[100,100],"ix":3},"r":{"a":0,"k":0,"ix":6},"o":{"a":0,"k":100,"ix":7},"sk":{"a":0,"k":0,"ix":4},"sa":{"a":0,"k":0,"ix":5},"nm":"Transform"}],"nm":"Group 2","np":2,"cix":2,"bm":0,"ix":2,"mn":"ADBE Vector Group","hd":false},{"ty":"tr","p":{"a":0,"k":[249.75,120.156],"ix":2},"a":{"a":0,"k":[249.75,120.156],"ix":1},"s":{"a":0,"k":[100,100],"ix":3},"r":{"a":0,"k":0,"ix":6},"o":{"a":0,"k":100,"ix":7},"sk":{"a":0,"k":0,"ix":4},"sa":{"a":0,"k":0,"ix":5},"nm":"Transform"}],"nm":"Group 1","np":2,"cix":2,"bm":0,"ix":1,"mn":"ADBE Vector Group","hd":false},{"ty":"gr","it":[{"ind":0,"ty":"sh","ix":1,"ks":{"a":1,"k":[{"i":{"x":0.667,"y":1},"o":{"x":0.333,"y":0},"t":0,"s":[{"i":[[0,0],[0,0],[0,0],[0,0],[0,6.782],[0,0],[6.782,0],[0,0],[0,-6.782],[0,0],[-6.782,0]],"o":[[0,0],[0,0],[0,0],[6.782,0],[0,0],[0,-6.782],[0,0],[-6.782,0],[0,0],[0,6.782],[0,0]],"v":[[-41.259,34.738],[0.336,76.333],[41.943,34.738],[95.564,34.738],[107.844,22.459],[107.844,-64.053],[95.564,-76.333],[-95.564,-76.333],[-107.844,-64.053],[-107.844,22.459],[-95.564,34.738]],"c":true}]},{"i":{"x":0.667,"y":1},"o":{"x":0.333,"y":0},"t":29,"s":[{"i":[[0,0],[0,0],[0,0],[0,0],[0,6.782],[0,0],[-6.82,0],[0,0],[0,-6.782],[0,0],[6.82,0]],"o":[[0,0],[0,0],[0,0],[-6.82,0],[0,0],[0,-6.782],[0,0],[6.82,0],[0,0],[0,6.782],[0,0]],"v":[[41.489,34.738],[-0.338,76.333],[-42.177,34.738],[-96.098,34.738],[-108.446,22.459],[-108.446,-64.053],[-96.098,-76.333],[96.098,-76.333],[108.446,-64.053],[108.446,22.459],[96.098,34.738]],"c":true}]},{"i":{"x":0.08,"y":1},"o":{"x":0.333,"y":0},"t":55,"s":[{"i":[[0,0],[0,0],[0,0],[0,0],[0,6.782],[0,0],[6.782,0],[0,0],[0,-6.782],[0,0],[-6.782,0]],"o":[[0,0],[0,0],[0,0],[6.782,0],[0,0],[0,-6.782],[0,0],[-6.782,0],[0,0],[0,6.782],[0,0]],"v":[[-41.259,34.738],[0.336,76.333],[41.943,34.738],[95.564,34.738],[107.844,22.459],[107.844,-64.053],[95.564,-76.333],[-95.564,-76.333],[-107.844,-64.053],[-107.844,22.459],[-95.564,34.738]],"c":true}]},{"t":121,"s":[{"i":[[0,0],[0,0],[0,0],[0,0],[0,6.782],[0,0],[-6.82,0],[0,0],[0,-6.782],[0,0],[6.82,0]],"o":[[0,0],[0,0],[0,0],[-6.82,0],[0,0],[0,-6.782],[0,0],[6.82,0],[0,0],[0,6.782],[0,0]],"v":[[41.489,34.738],[-0.338,76.333],[-42.177,34.738],[-96.098,34.738],[-108.446,22.459],[-108.446,-64.053],[-96.098,-76.333],[96.098,-76.333],[108.446,-64.053],[108.446,22.459],[96.098,34.738]],"c":true}]}],"ix":2},"nm":"Path 1","mn":"ADBE Vector Shape - Group","hd":false},{"ty":"st","c":{"a":0,"k":[0.00392156862745098,0.43529411764705883,0.7254901960784313,1],"ix":3},"o":{"a":0,"k":100,"ix":4},"w":{"a":0,"k":12,"ix":5},"lc":2,"lj":2,"bm":0,"nm":"Stroke 1","mn":"ADBE Vector Graphic - Stroke","hd":false},{"ty":"tr","p":{"a":0,"k":[249.75,139.727],"ix":2},"a":{"a":0,"k":[0,0],"ix":1},"s":{"a":0,"k":[100,100],"ix":3},"r":{"a":0,"k":0,"ix":6},"o":{"a":0,"k":100,"ix":7},"sk":{"a":0,"k":0,"ix":4},"sa":{"a":0,"k":0,"ix":5},"nm":"Transform"}],"nm":"Group 2","np":2,"cix":2,"bm":0,"ix":2,"mn":"ADBE Vector Group","hd":false}],"ip":0,"op":844,"st":0,"bm":0},{"ddd":0,"ind":2,"ty":4,"nm":"User-Center","sr":1,"ks":{"o":{"a":0,"k":100,"ix":11},"r":{"a":0,"k":0,"ix":10},"p":{"a":1,"k":[{"i":{"x":0.26,"y":1},"o":{"x":0.333,"y":0},"t":0,"s":[246.709,343.073,0],"to":[0,0,0],"ti":[0,0,0]},{"i":{"x":0.416,"y":1},"o":{"x":0.567,"y":0},"t":36,"s":[246.709,373.073,0],"to":[0,0,0],"ti":[0,0,0]},{"i":{"x":0.085,"y":1},"o":{"x":0.578,"y":0},"t":86.498,"s":[246.709,338.073,0],"to":[0,0,0],"ti":[0,0,0]},{"t":134,"s":[246.709,343.073,0]}],"ix":2,"l":2},"a":{"a":0,"k":[246.709,343.073,0],"ix":1,"l":2},"s":{"a":0,"k":[100,100,100],"ix":6,"l":2}},"ao":0,"shapes":[{"ty":"gr","it":[{"ind":0,"ty":"sh","ix":1,"ks":{"a":0,"k":{"i":[[-16.76,0],[0,0],[0.583,-16.75],[0,0],[15.955,0],[0,0],[0.555,15.946],[0,0]],"o":[[0,0],[16.76,0],[0,0],[-0.555,15.946],[0,0],[-15.955,0],[0,0],[-0.583,-16.75]],"v":[[-0.964,-43.472],[0.964,-43.472],[30.562,-12.827],[29.598,14.886],[0,43.472],[0,43.472],[-29.598,14.886],[-30.562,-12.827]],"c":true},"ix":2},"nm":"Path 1","mn":"ADBE Vector Shape - Group","hd":false},{"ty":"st","c":{"a":0,"k":[0,0,0,1],"ix":3},"o":{"a":0,"k":100,"ix":4},"w":{"a":0,"k":12,"ix":5},"lc":2,"lj":2,"bm":0,"nm":"Stroke 1","mn":"ADBE Vector Graphic - Stroke","hd":false},{"ty":"tr","p":{"a":0,"k":[246.709,295.021],"ix":2},"a":{"a":0,"k":[0,0],"ix":1},"s":{"a":0,"k":[100,100],"ix":3},"r":{"a":0,"k":0,"ix":6},"o":{"a":0,"k":100,"ix":7},"sk":{"a":0,"k":0,"ix":4},"sa":{"a":0,"k":0,"ix":5},"nm":"Transform"}],"nm":"Group 1","np":3,"cix":2,"bm":0,"ix":1,"mn":"ADBE Vector Group","hd":false},{"ty":"gr","it":[{"ind":0,"ty":"sh","ix":1,"ks":{"a":0,"k":{"i":[[-22.774,0],[0,0],[0,-22.774],[0,0],[3.759,-0.435],[0,0],[3.662,-1.531],[0,0],[18.852,7.836],[0,0],[4.111,0.474],[0,0],[0,3.786],[0,0]],"o":[[0,0],[22.774,0],[0,0],[0,3.785],[0,0],[-3.943,0.456],[0,0],[-18.835,7.874],[0,0],[-3.822,-1.588],[0,0],[-3.761,-0.434],[0,0],[0,-22.774]],"v":[[-20.618,-36.51],[20.618,-36.51],[61.855,4.726],[61.855,18.521],[55.259,25.924],[40.829,27.594],[29.366,30.589],[29.366,30.589],[-29.522,30.649],[-29.621,30.608],[-41.579,27.499],[-55.256,25.922],[-61.855,18.519],[-61.855,4.726]],"c":true},"ix":2},"nm":"Path 1","mn":"ADBE Vector Shape - Group","hd":false},{"ty":"st","c":{"a":0,"k":[0,0,0,1],"ix":3},"o":{"a":0,"k":100,"ix":4},"w":{"a":0,"k":12,"ix":5},"lc":2,"lj":2,"bm":0,"nm":"Stroke 1","mn":"ADBE Vector Graphic - Stroke","hd":false},{"ty":"tr","p":{"a":0,"k":[246.709,398.086],"ix":2},"a":{"a":0,"k":[0,0],"ix":1},"s":{"a":0,"k":[100,100],"ix":3},"r":{"a":0,"k":0,"ix":6},"o":{"a":0,"k":100,"ix":7},"sk":{"a":0,"k":0,"ix":4},"sa":{"a":0,"k":0,"ix":5},"nm":"Transform"}],"nm":"Group 2","np":3,"cix":2,"bm":0,"ix":2,"mn":"ADBE Vector Group","hd":false}],"ip":0,"op":844,"st":0,"bm":0},{"ddd":0,"ind":3,"ty":4,"nm":"matte","td":1,"sr":1,"ks":{"o":{"a":0,"k":100,"ix":11},"r":{"a":0,"k":0,"ix":10},"p":{"a":1,"k":[{"i":{"x":0.26,"y":1},"o":{"x":0.333,"y":0},"t":0,"s":[246.709,343.073,0],"to":[0,0,0],"ti":[0,0,0]},{"i":{"x":0.667,"y":1},"o":{"x":0.74,"y":0},"t":40,"s":[246.709,373.073,0],"to":[0,0,0],"ti":[0,0,0]},{"i":{"x":0.667,"y":1},"o":{"x":0.333,"y":0},"t":80.498,"s":[246.709,338.073,0],"to":[0,0,0],"ti":[0,0,0]},{"t":128,"s":[246.709,343.073,0]}],"ix":2,"l":2},"a":{"a":0,"k":[246.709,343.073,0],"ix":1,"l":2},"s":{"a":0,"k":[100,100,100],"ix":6,"l":2}},"ao":0,"shapes":[{"ty":"gr","it":[{"ind":0,"ty":"sh","ix":1,"ks":{"a":0,"k":{"i":[[-16.76,0],[0,0],[0.583,-16.75],[0,0],[15.955,0],[0,0],[0.555,15.946],[0,0]],"o":[[0,0],[16.76,0],[0,0],[-0.555,15.946],[0,0],[-15.955,0],[0,0],[-0.583,-16.75]],"v":[[-0.964,-43.472],[0.964,-43.472],[30.562,-12.827],[29.598,14.886],[0,43.472],[0,43.472],[-29.598,14.886],[-30.562,-12.827]],"c":true},"ix":2},"nm":"Path 1","mn":"ADBE Vector Shape - Group","hd":false},{"ty":"st","c":{"a":0,"k":[0,0,0,1],"ix":3},"o":{"a":0,"k":100,"ix":4},"w":{"a":0,"k":0,"ix":5},"lc":2,"lj":2,"bm":0,"nm":"Stroke 1","mn":"ADBE Vector Graphic - Stroke","hd":false},{"ty":"fl","c":{"a":0,"k":[1,1,1,1],"ix":4},"o":{"a":0,"k":100,"ix":5},"r":1,"bm":0,"nm":"Fill 1","mn":"ADBE Vector Graphic - Fill","hd":false},{"ty":"tr","p":{"a":0,"k":[246.709,295.021],"ix":2},"a":{"a":0,"k":[0,0],"ix":1},"s":{"a":0,"k":[100,100],"ix":3},"r":{"a":0,"k":0,"ix":6},"o":{"a":0,"k":100,"ix":7},"sk":{"a":0,"k":0,"ix":4},"sa":{"a":0,"k":0,"ix":5},"nm":"Transform"}],"nm":"Group 1","np":3,"cix":2,"bm":0,"ix":1,"mn":"ADBE Vector Group","hd":false},{"ty":"gr","it":[{"ind":0,"ty":"sh","ix":1,"ks":{"a":0,"k":{"i":[[-22.774,0],[0,0],[0,-22.774],[0,0],[3.759,-0.435],[0,0],[3.662,-1.531],[0,0],[18.852,7.836],[0,0],[4.111,0.474],[0,0],[0,3.786],[0,0]],"o":[[0,0],[22.774,0],[0,0],[0,3.785],[0,0],[-3.943,0.456],[0,0],[-18.835,7.874],[0,0],[-3.822,-1.588],[0,0],[-3.761,-0.434],[0,0],[0,-22.774]],"v":[[-20.618,-36.51],[20.618,-36.51],[61.855,4.726],[61.855,18.521],[55.259,25.924],[40.829,27.594],[29.366,30.589],[29.366,30.589],[-29.522,30.649],[-29.621,30.608],[-41.579,27.499],[-55.256,25.922],[-61.855,18.519],[-61.855,4.726]],"c":true},"ix":2},"nm":"Path 1","mn":"ADBE Vector Shape - Group","hd":false},{"ty":"st","c":{"a":0,"k":[0,0,0,1],"ix":3},"o":{"a":0,"k":100,"ix":4},"w":{"a":0,"k":0,"ix":5},"lc":2,"lj":2,"bm":0,"nm":"Stroke 1","mn":"ADBE Vector Graphic - Stroke","hd":false},{"ty":"fl","c":{"a":0,"k":[1,1,1,1],"ix":4},"o":{"a":0,"k":100,"ix":5},"r":1,"bm":0,"nm":"Fill 1","mn":"ADBE Vector Graphic - Fill","hd":false},{"ty":"tr","p":{"a":0,"k":[246.709,398.086],"ix":2},"a":{"a":0,"k":[0,0],"ix":1},"s":{"a":0,"k":[100,100],"ix":3},"r":{"a":0,"k":0,"ix":6},"o":{"a":0,"k":100,"ix":7},"sk":{"a":0,"k":0,"ix":4},"sa":{"a":0,"k":0,"ix":5},"nm":"Transform"}],"nm":"Group 2","np":3,"cix":2,"bm":0,"ix":2,"mn":"ADBE Vector Group","hd":false}],"ip":0,"op":844,"st":0,"bm":0},{"ddd":0,"ind":4,"ty":4,"nm":"User-L","tt":2,"sr":1,"ks":{"o":{"a":0,"k":100,"ix":11},"r":{"a":0,"k":0,"ix":10},"p":{"a":1,"k":[{"i":{"x":0.26,"y":1},"o":{"x":0.333,"y":0},"t":0,"s":[149.458,348.007,0],"to":[0,0,0],"ti":[0,0,0]},{"i":{"x":0.413,"y":1},"o":{"x":0.565,"y":0},"t":44,"s":[149.458,365.007,0],"to":[0,0,0],"ti":[0,0,0]},{"i":{"x":0,"y":1},"o":{"x":0.333,"y":0},"t":94,"s":[149.458,343.007,0],"to":[0,0,0],"ti":[0,0,0]},{"t":134,"s":[149.458,348.007,0]}],"ix":2,"l":2},"a":{"a":0,"k":[149.458,348.007,0],"ix":1,"l":2},"s":{"a":0,"k":[100,100,100],"ix":6,"l":2}},"ao":0,"shapes":[{"ty":"gr","it":[{"ind":0,"ty":"sh","ix":1,"ks":{"a":0,"k":{"i":[[-12.543,0],[0,0],[0.436,-12.535],[0,0],[11.941,0],[0,0],[0.415,11.934],[0,0]],"o":[[0,0],[12.543,0],[0,0],[-0.415,11.934],[0,0],[-11.941,0],[0,0],[-0.436,-12.535]],"v":[[-0.721,-32.535],[0.721,-32.535],[22.872,-9.6],[22.151,11.141],[0,32.535],[0,32.535],[-22.151,11.141],[-22.872,-9.6]],"c":true},"ix":2},"nm":"Path 1","mn":"ADBE Vector Shape - Group","hd":false},{"ty":"st","c":{"a":0,"k":[0,0,0,1],"ix":3},"o":{"a":0,"k":100,"ix":4},"w":{"a":0,"k":12,"ix":5},"lc":2,"lj":2,"bm":0,"nm":"Stroke 1","mn":"ADBE Vector Graphic - Stroke","hd":false},{"ty":"tr","p":{"a":0,"k":[149.458,308.283],"ix":2},"a":{"a":0,"k":[0,0],"ix":1},"s":{"a":0,"k":[100,100],"ix":3},"r":{"a":0,"k":0,"ix":6},"o":{"a":0,"k":100,"ix":7},"sk":{"a":0,"k":0,"ix":4},"sa":{"a":0,"k":0,"ix":5},"nm":"Transform"}],"nm":"Group 1","np":3,"cix":2,"bm":0,"ix":1,"mn":"ADBE Vector Group","hd":false},{"ty":"gr","it":[{"ind":0,"ty":"sh","ix":1,"ks":{"a":0,"k":{"i":[[-17.98,0],[0,0],[0,-17.98],[0,0],[2.968,-0.343],[0,0],[2.891,-1.209],[0,0],[14.883,6.186],[0,0],[3.246,0.374],[0,0],[0,2.989],[0,0]],"o":[[0,0],[17.98,0],[0,0],[0,2.988],[0,0],[-3.113,0.36],[0,0],[-14.871,6.217],[0,0],[-3.017,-1.254],[0,0],[-2.969,-0.342],[0,0],[0,-17.98]],"v":[[-16.278,-28.825],[16.278,-28.825],[48.835,3.731],[48.835,14.623],[43.627,20.468],[32.235,21.785],[23.185,24.15],[23.184,24.15],[-23.308,24.198],[-23.386,24.165],[-32.827,21.711],[-43.625,20.466],[-48.835,14.621],[-48.835,3.731]],"c":true},"ix":2},"nm":"Path 1","mn":"ADBE Vector Shape - Group","hd":false},{"ty":"st","c":{"a":0,"k":[0,0,0,1],"ix":3},"o":{"a":0,"k":100,"ix":4},"w":{"a":0,"k":12,"ix":5},"lc":2,"lj":2,"bm":0,"nm":"Stroke 1","mn":"ADBE Vector Graphic - Stroke","hd":false},{"ty":"tr","p":{"a":0,"k":[149.458,391.441],"ix":2},"a":{"a":0,"k":[0,0],"ix":1},"s":{"a":0,"k":[100,100],"ix":3},"r":{"a":0,"k":0,"ix":6},"o":{"a":0,"k":100,"ix":7},"sk":{"a":0,"k":0,"ix":4},"sa":{"a":0,"k":0,"ix":5},"nm":"Transform"}],"nm":"Group 2","np":3,"cix":2,"bm":0,"ix":2,"mn":"ADBE Vector Group","hd":false}],"ip":0,"op":844,"st":0,"bm":0},{"ddd":0,"ind":5,"ty":4,"nm":"matte 2","td":1,"sr":1,"ks":{"o":{"a":0,"k":100,"ix":11},"r":{"a":0,"k":0,"ix":10},"p":{"a":1,"k":[{"i":{"x":0.26,"y":1},"o":{"x":0.333,"y":0},"t":0,"s":[246.709,343.073,0],"to":[0,0,0],"ti":[0,0,0]},{"i":{"x":0.667,"y":1},"o":{"x":0.74,"y":0},"t":40,"s":[246.709,373.073,0],"to":[0,0,0],"ti":[0,0,0]},{"i":{"x":0.667,"y":1},"o":{"x":0.333,"y":0},"t":80.498,"s":[246.709,338.073,0],"to":[0,0,0],"ti":[0,0,0]},{"t":128,"s":[246.709,343.073,0]}],"ix":2,"l":2},"a":{"a":0,"k":[246.709,343.073,0],"ix":1,"l":2},"s":{"a":0,"k":[100,100,100],"ix":6,"l":2}},"ao":0,"shapes":[{"ty":"gr","it":[{"ind":0,"ty":"sh","ix":1,"ks":{"a":0,"k":{"i":[[-16.76,0],[0,0],[0.583,-16.75],[0,0],[15.955,0],[0,0],[0.555,15.946],[0,0]],"o":[[0,0],[16.76,0],[0,0],[-0.555,15.946],[0,0],[-15.955,0],[0,0],[-0.583,-16.75]],"v":[[-0.964,-43.472],[0.964,-43.472],[30.562,-12.827],[29.598,14.886],[0,43.472],[0,43.472],[-29.598,14.886],[-30.562,-12.827]],"c":true},"ix":2},"nm":"Path 1","mn":"ADBE Vector Shape - Group","hd":false},{"ty":"st","c":{"a":0,"k":[0,0,0,1],"ix":3},"o":{"a":0,"k":100,"ix":4},"w":{"a":0,"k":0,"ix":5},"lc":2,"lj":2,"bm":0,"nm":"Stroke 1","mn":"ADBE Vector Graphic - Stroke","hd":false},{"ty":"fl","c":{"a":0,"k":[1,1,1,1],"ix":4},"o":{"a":0,"k":100,"ix":5},"r":1,"bm":0,"nm":"Fill 1","mn":"ADBE Vector Graphic - Fill","hd":false},{"ty":"tr","p":{"a":0,"k":[246.709,295.021],"ix":2},"a":{"a":0,"k":[0,0],"ix":1},"s":{"a":0,"k":[100,100],"ix":3},"r":{"a":0,"k":0,"ix":6},"o":{"a":0,"k":100,"ix":7},"sk":{"a":0,"k":0,"ix":4},"sa":{"a":0,"k":0,"ix":5},"nm":"Transform"}],"nm":"Group 1","np":3,"cix":2,"bm":0,"ix":1,"mn":"ADBE Vector Group","hd":false},{"ty":"gr","it":[{"ind":0,"ty":"sh","ix":1,"ks":{"a":0,"k":{"i":[[-22.774,0],[0,0],[0,-22.774],[0,0],[3.759,-0.435],[0,0],[3.662,-1.531],[0,0],[18.852,7.836],[0,0],[4.111,0.474],[0,0],[0,3.786],[0,0]],"o":[[0,0],[22.774,0],[0,0],[0,3.785],[0,0],[-3.943,0.456],[0,0],[-18.835,7.874],[0,0],[-3.822,-1.588],[0,0],[-3.761,-0.434],[0,0],[0,-22.774]],"v":[[-20.618,-36.51],[20.618,-36.51],[61.855,4.726],[61.855,18.521],[55.259,25.924],[40.829,27.594],[29.366,30.589],[29.366,30.589],[-29.522,30.649],[-29.621,30.608],[-41.579,27.499],[-55.256,25.922],[-61.855,18.519],[-61.855,4.726]],"c":true},"ix":2},"nm":"Path 1","mn":"ADBE Vector Shape - Group","hd":false},{"ty":"st","c":{"a":0,"k":[0,0,0,1],"ix":3},"o":{"a":0,"k":100,"ix":4},"w":{"a":0,"k":0,"ix":5},"lc":2,"lj":2,"bm":0,"nm":"Stroke 1","mn":"ADBE Vector Graphic - Stroke","hd":false},{"ty":"fl","c":{"a":0,"k":[1,1,1,1],"ix":4},"o":{"a":0,"k":100,"ix":5},"r":1,"bm":0,"nm":"Fill 1","mn":"ADBE Vector Graphic - Fill","hd":false},{"ty":"tr","p":{"a":0,"k":[246.709,398.086],"ix":2},"a":{"a":0,"k":[0,0],"ix":1},"s":{"a":0,"k":[100,100],"ix":3},"r":{"a":0,"k":0,"ix":6},"o":{"a":0,"k":100,"ix":7},"sk":{"a":0,"k":0,"ix":4},"sa":{"a":0,"k":0,"ix":5},"nm":"Transform"}],"nm":"Group 2","np":3,"cix":2,"bm":0,"ix":2,"mn":"ADBE Vector Group","hd":false}],"ip":0,"op":844,"st":0,"bm":0},{"ddd":0,"ind":6,"ty":4,"nm":"User-R","tt":2,"sr":1,"ks":{"o":{"a":0,"k":100,"ix":11},"r":{"a":0,"k":0,"ix":10},"p":{"a":1,"k":[{"i":{"x":0.26,"y":1},"o":{"x":0.333,"y":0},"t":0,"s":[345.757,348.007,0],"to":[0,0,0],"ti":[0,0,0]},{"i":{"x":0.413,"y":1},"o":{"x":0.565,"y":0},"t":44,"s":[345.757,365.007,0],"to":[0,0,0],"ti":[0,0,0]},{"i":{"x":0,"y":1},"o":{"x":0.333,"y":0},"t":94,"s":[345.757,343.007,0],"to":[0,0,0],"ti":[0,0,0]},{"t":134,"s":[345.757,348.007,0]}],"ix":2,"l":2},"a":{"a":0,"k":[345.757,348.007,0],"ix":1,"l":2},"s":{"a":0,"k":[100,100,100],"ix":6,"l":2}},"ao":0,"shapes":[{"ty":"gr","it":[{"ind":0,"ty":"sh","ix":1,"ks":{"a":0,"k":{"i":[[-12.543,0],[0,0],[0.436,-12.535],[0,0],[11.941,0],[0,0],[0.415,11.934],[0,0]],"o":[[0,0],[12.543,0],[0,0],[-0.415,11.934],[0,0],[-11.941,0],[0,0],[-0.436,-12.535]],"v":[[-0.721,-32.535],[0.721,-32.535],[22.872,-9.6],[22.151,11.141],[0,32.535],[0,32.535],[-22.151,11.141],[-22.872,-9.6]],"c":true},"ix":2},"nm":"Path 1","mn":"ADBE Vector Shape - Group","hd":false},{"ty":"st","c":{"a":0,"k":[0,0,0,1],"ix":3},"o":{"a":0,"k":100,"ix":4},"w":{"a":0,"k":12,"ix":5},"lc":2,"lj":2,"bm":0,"nm":"Stroke 1","mn":"ADBE Vector Graphic - Stroke","hd":false},{"ty":"tr","p":{"a":0,"k":[345.757,308.283],"ix":2},"a":{"a":0,"k":[0,0],"ix":1},"s":{"a":0,"k":[100,100],"ix":3},"r":{"a":0,"k":0,"ix":6},"o":{"a":0,"k":100,"ix":7},"sk":{"a":0,"k":0,"ix":4},"sa":{"a":0,"k":0,"ix":5},"nm":"Transform"}],"nm":"Group 1","np":3,"cix":2,"bm":0,"ix":1,"mn":"ADBE Vector Group","hd":false},{"ty":"gr","it":[{"ind":0,"ty":"sh","ix":1,"ks":{"a":0,"k":{"i":[[-17.98,0],[0,0],[0,-17.98],[0,0],[2.968,-0.343],[0,0],[2.891,-1.209],[0,0],[14.883,6.186],[0,0],[3.246,0.374],[0,0],[0,2.989],[0,0]],"o":[[0,0],[17.98,0],[0,0],[0,2.988],[0,0],[-3.113,0.36],[0,0],[-14.871,6.217],[0,0],[-3.017,-1.254],[0,0],[-2.969,-0.342],[0,0],[0,-17.98]],"v":[[-16.278,-28.825],[16.278,-28.825],[48.835,3.731],[48.835,14.623],[43.627,20.468],[32.235,21.785],[23.185,24.15],[23.184,24.15],[-23.308,24.198],[-23.386,24.165],[-32.827,21.711],[-43.625,20.466],[-48.835,14.621],[-48.835,3.731]],"c":true},"ix":2},"nm":"Path 1","mn":"ADBE Vector Shape - Group","hd":false},{"ty":"st","c":{"a":0,"k":[0,0,0,1],"ix":3},"o":{"a":0,"k":100,"ix":4},"w":{"a":0,"k":12,"ix":5},"lc":2,"lj":2,"bm":0,"nm":"Stroke 1","mn":"ADBE Vector Graphic - Stroke","hd":false},{"ty":"tr","p":{"a":0,"k":[345.757,391.441],"ix":2},"a":{"a":0,"k":[0,0],"ix":1},"s":{"a":0,"k":[100,100],"ix":3},"r":{"a":0,"k":0,"ix":6},"o":{"a":0,"k":100,"ix":7},"sk":{"a":0,"k":0,"ix":4},"sa":{"a":0,"k":0,"ix":5},"nm":"Transform"}],"nm":"Group 2","np":3,"cix":2,"bm":0,"ix":2,"mn":"ADBE Vector Group","hd":false}],"ip":0,"op":844,"st":0,"bm":0}],"markers":[]}